{
	"format_version": "1.8.0",
	"animations": {
		"swim": {
			"loop": true,
			"animation_length": 2,
			"bones": {
				"bone": {
					"rotation": {
						"0.0": {
							"vector": [0, 0, 0]
						},
						"0.4167": {
							"vector": [0.10912, 2.49762, 2.50238]
						},
						"0.75": {
							"vector": [0.393, 4.48284, 5.01538]
						},
						"1.1667": {
							"vector": [0, 2, 0]
						},
						"1.5833": {
							"vector": [0.04358, -0.4981, -5.00019]
						},
						"2.0": {
							"vector": [0, 0, 0]
						}
					},
					"position": {
						"0.0": {
							"vector": [0, 0, 0]
						},
						"0.4167": {
							"vector": [1, 0, 0]
						},
						"0.75": {
							"vector": [1.5, 0, 0]
						},
						"1.1667": {
							"vector": [0.25, 0, 0]
						},
						"1.5833": {
							"vector": [-0.75, 0, 0]
						},
						"2.0": {
							"vector": [0, 0, 0]
						}
					}
				},
				"bone2": {
					"rotation": {
						"0.0": {
							"vector": [0, 0, 0]
						},
						"0.4583": {
							"vector": [0, 2.5, 5]
						},
						"0.8333": {
							"vector": [0, 2.5, 0]
						},
						"1.0": {
							"vector": [0.17485, 2.00762, -1.99997]
						},
						"1.25": {
							"vector": [-0.21865, -4.99523, 2.50954]
						},
						"2.0": {
							"vector": [0, 0, 0]
						}
					}
				},
				"bone3": {
					"rotation": {
						"0.0": {
							"vector": [0, 0, 0]
						},
						"0.25": {
							"vector": [0, 0, -10]
						},
						"0.5": {
							"vector": [0, 0, -17.5]
						},
						"1.0": {
							"vector": [0, 0, 0]
						},
						"1.4583": {
							"vector": [0, 0, 12.5]
						},
						"1.7917": {
							"vector": [0, 0, 0]
						},
						"2.0": {
							"vector": [0, 0, 0]
						}
					}
				},
				"bone4": {
					"rotation": {
						"0.0": {
							"vector": [0, 0, 0]
						},
						"0.25": {
							"vector": [0, 0, 10]
						},
						"0.5": {
							"vector": [0, 0, 17.5]
						},
						"1.0": {
							"vector": [0, 0, 0]
						},
						"1.4583": {
							"vector": [0, 0, -12.5]
						},
						"1.7917": {
							"vector": [0, 0, 0]
						},
						"2.0": {
							"vector": [0, 0, 0]
						}
					}
				},
				"bone5": {
					"rotation": {
						"vector": [0, 0, 0]
					}
				},
				"bone6": {
					"rotation": {
						"0.0": {
							"vector": [0, 0, 0]
						},
						"0.5417": {
							"vector": [0, 5, 0]
						},
						"0.9167": {
							"vector": [0, 7.5, 0]
						},
						"1.0833": {
							"vector": [0, 4.55, 0]
						},
						"1.375": {
							"vector": [0, -7.5, 0],
							"easing": "linear"
						},
						"2.0": {
							"vector": [0, 0, 0]
						}
					}
				},
				"bone7": {
					"rotation": {
						"vector": [0, 0, 0]
					}
				},
				"bone8": {
					"rotation": {
						"0.0": {
							"vector": [0, 0, 0]
						},
						"0.5833": {
							"vector": [0, 5, 0]
						},
						"0.9583": {
							"vector": [0, 10, 0]
						},
						"1.125": {
							"vector": [0, 6.35, 0]
						},
						"1.5": {
							"vector": [0, -10, 0],
							"easing": "linear"
						},
						"2.0": {
							"vector": [0, 0, 0]
						}
					}
				},
				"bone9": {
					"rotation": {
						"0.0": {
							"vector": [0, 0, 0]
						},
						"0.625": {
							"vector": [0, 2.5, 0]
						},
						"1.5417": {
							"vector": [0, -7.5, 0],
							"easing": "easeInBack"
						},
						"2.0": {
							"vector": [0, 0, 0]
						}
					}
				},
				"bone10": {
					"rotation": {
						"0.0": {
							"vector": [0, 0, 0]
						},
						"0.625": {
							"vector": [0, 2.5, 0]
						},
						"1.5417": {
							"vector": [0, -12.5, 0]
						},
						"2.0": {
							"vector": [0, 0, 0]
						}
					}
				},
				"bone11": {
					"rotation": {
						"0.0": {
							"vector": [0, 0, 0]
						},
						"0.3333": {
							"vector": [0.21865, 4.99523, 2.50954]
						},
						"0.6667": {
							"vector": [0.78598, 5.94848, 7.54084]
						},
						"0.9583": {
							"vector": [0, 1, 0]
						},
						"1.3333": {
							"vector": [0.17476, -3.99619, -2.5061]
						},
						"2.0": {
							"vector": [0, 0, 0]
						}
					}
				},
				"bone12": {
					"rotation": {
						"0.0": {
							"vector": [0, 0, 0]
						},
						"0.3333": {
							"vector": [7.5, 0, -10]
						},
						"0.6667": {
							"vector": [0, 0, 2.5]
						},
						"0.9583": {
							"vector": [-4.65715, 0.27886, 4.96147]
						},
						"1.3333": {
							"vector": [10.30352, 0.32123, -2.53852]
						},
						"1.75": {
							"vector": [0, 0, 0]
						},
						"2.0": {
							"vector": [0, 0, 0]
						}
					}
				},
				"bone13": {
					"rotation": {
						"0.0": {
							"vector": [0, 0, 0]
						},
						"0.3333": {
							"vector": [7.5, 0, 10]
						},
						"0.6667": {
							"vector": [0, 0, -2.5]
						},
						"0.9583": {
							"vector": [-4.65715, -0.27886, -4.96147]
						},
						"1.3333": {
							"vector": [10.30352, -0.32123, 2.53852]
						},
						"1.75": {
							"vector": [0, 0, 0]
						},
						"2.0": {
							"vector": [0, 0, 0]
						}
					}
				},
				"bone14": {
					"rotation": {
						"0.0": {
							"vector": [0, 0, 0]
						},
						"0.25": {
							"vector": [0, 2.5, 0]
						},
						"0.5833": {
							"vector": [0.24064, 5.49475, 2.51155]
						},
						"0.9167": {
							"vector": [0, -3.5, 0]
						},
						"1.2083": {
							"vector": [0.74626, -8.46742, -5.05524]
						},
						"2.0": {
							"vector": [0, 0, 0]
						}
					}
				},
				"bone15": {
					"rotation": {
						"vector": [0, 0, 0]
					}
				}
			}
		},
		"bite": {
			"loop": true,
			"animation_length": 2,
			"bones": {
				"bone": {
					"rotation": {
						"0.0": {
							"vector": [0, 0, 0]
						},
						"0.4167": {
							"vector": [0.10912, 2.49762, 2.50238]
						},
						"0.75": {
							"vector": [0.393, 4.48284, 5.01538]
						},
						"1.1667": {
							"vector": [0, 2, 0]
						},
						"1.5833": {
							"vector": [0.04358, -0.4981, -5.00019]
						},
						"2.0": {
							"vector": [0, 0, 0]
						}
					},
					"position": {
						"0.0": {
							"vector": [0, 0, 0]
						},
						"0.4167": {
							"vector": [1, 0, 0]
						},
						"0.75": {
							"vector": [1.5, 0, 0]
						},
						"1.1667": {
							"vector": [0.25, 0, 0]
						},
						"1.5833": {
							"vector": [-0.75, 0, 0]
						},
						"2.0": {
							"vector": [0, 0, 0]
						}
					}
				},
				"bone2": {
					"rotation": {
						"0.0": {
							"vector": [0, 0, 0]
						},
						"0.4583": {
							"vector": [0, 2.5, 5]
						},
						"0.8333": {
							"vector": [0, 2.5, 0]
						},
						"1.0": {
							"vector": [0.17485, 2.00762, -1.99997]
						},
						"1.25": {
							"vector": [-0.21865, -4.99523, 2.50954]
						},
						"2.0": {
							"vector": [0, 0, 0]
						}
					}
				},
				"bone3": {
					"rotation": {
						"0.0": {
							"vector": [0, 0, 0]
						},
						"0.25": {
							"vector": [0, 0, -10]
						},
						"0.5": {
							"vector": [0, 0, -17.5]
						},
						"1.0": {
							"vector": [0, 0, 0]
						},
						"1.4583": {
							"vector": [0, 0, 12.5]
						},
						"1.7917": {
							"vector": [0, 0, 0]
						},
						"2.0": {
							"vector": [0, 0, 0]
						}
					}
				},
				"bone4": {
					"rotation": {
						"0.0": {
							"vector": [0, 0, 0]
						},
						"0.25": {
							"vector": [0, 0, 10]
						},
						"0.5": {
							"vector": [0, 0, 17.5]
						},
						"1.0": {
							"vector": [0, 0, 0]
						},
						"1.4583": {
							"vector": [0, 0, -12.5]
						},
						"1.7917": {
							"vector": [0, 0, 0]
						},
						"2.0": {
							"vector": [0, 0, 0]
						}
					}
				},
				"bone5": {
					"rotation": {
						"vector": [0, 0, 0]
					}
				},
				"bone6": {
					"rotation": {
						"0.0": {
							"vector": [0, 0, 0]
						},
						"0.5417": {
							"vector": [0, 5, 0]
						},
						"0.9167": {
							"vector": [0, 7.5, 0]
						},
						"1.0833": {
							"vector": [0, 4.55, 0]
						},
						"1.375": {
							"vector": [0, -7.5, 0],
							"easing": "linear"
						},